Load,Throughput,AvgLatency,P95Latency
Light,43.058911696617855,0.09195960998535156,0.1552903652191162
Medium,47.77887888049237,0.23165115237236023,0.45627307891845703
Heavy,41.407121702229425,0.6048875150680542,1.3287990093231201
