Load,Throughput,AvgLatency,P95Latency
Light,41.10837554297542,0.09561395645141602,0.2913949489593506
Medium,93.36447928255689,0.11799363851547241,0.1897563934326172
Heavy,129.27937979985032,0.19493157068888348,0.3521113395690918
