Load,Throughput,AvgLatency,P95Latency
Light,126.71594151670466,0.023542678356170653,0.0543978214263916
Medium,397.54891042149075,0.018075802326202393,0.04679107666015625
Heavy,568.251743198815,0.023228325843811036,0.05874490737915039
