Load,Throughput,AvgLatency,P95Latency
Light,47.722871502567564,0.08127034187316895,0.11234569549560547
Medium,56.530120290315175,0.2323216187953949,0.33999204635620117
Heavy,65.05697936186677,0.5009312224388123,0.7372925281524658
